IP;Nombre de requêtes
BP-Linux8.ssh;60
192.168.190;126
192.168.190.130;66
190-0-175-100.gba.solunet.com.ar;1969
184.107.43;2000
190-0-175-100.gba.solunet.com.ar.mon;1
190-0-175-100.gba.solunet.com.ar.zebrasrv;1
190-0-175-100.gba.solunet.com.ar.zebra;1
190-0-175-100.gba.solunet.com.ar.ripd;1
190-0-175-100.gba.solunet.com.ar.ripngd;1
190-0-175-100.gba.solunet.com.ar.ospfd;1
190-0-175-100.gba.solunet.com.ar.bgpd;1
190-0-175-100.gba.solunet.com.ar.ospf6d;1
190-0-175-100.gba.solunet.com.ar.ospfapi;1
190-0-175-100.gba.solunet.com.ar.isisd;1
190-0-175-100.gba.solunet.com.ar.dict;1
190-0-175-100.gba.solunet.com.ar.f5-globalsite;1
190-0-175-100.gba.solunet.com.ar.gsiftp;1
190-0-175-100.gba.solunet.com.ar.gpsd;1
190-0-175-100.gba.solunet.com.ar.afbackup;1
190-0-175-100.gba.solunet.com.ar.afmbackup;1
190-0-175-100.gba.solunet.com.ar.gds-db;1
190-0-175-100.gba.solunet.com.ar.icpv2;1
190-0-175-100.gba.solunet.com.ar.iscsi-target;1
190-0-175-100.gba.solunet.com.ar.mysql;1
190-0-175-100.gba.solunet.com.ar.nut;1
190-0-175-100.gba.solunet.com.ar.distcc;1
190-0-175-100.gba.solunet.com.ar.daap;1
190-0-175-100.gba.solunet.com.ar.svn;1
190-0-175-100.gba.solunet.com.ar.suucp;1
190-0-175-100.gba.solunet.com.ar.sysrqd;1
190-0-175-100.gba.solunet.com.ar.sieve;1
190-0-175-100.gba.solunet.com.ar.xtell;1
190-0-175-100.gba.solunet.com.ar.f5-iquery;1
190-0-175-100.gba.solunet.com.ar.epmd;1
190-0-175-100.gba.solunet.com.ar.remctl;1
BP-Linux8;2950
par21s05-in-f131.1e100.net.http;27
82.221.107;11
82.221.107.34.bc.googleusercontent.com.http;5
201.181.244;30
201.181.244.35.bc.googleusercontent.com.https;14
93.184.220;12
93.184.220.29.http;6
server-54-230-114-7.mrs52.r.cloudfront.net.https;5
ec2-35-166-112-194.us-west-2.compute.amazonaws.com.https;2
192.168.115;126
server-54-230-114-73.mrs52.r.cloudfront.net.https;5
ec2-34-211-70-226.us-west-2.compute.amazonaws.com.https;2
server-54-230-114-122.mrs52.r.cloudfront.net.https;2
par21s04-in-f4.1e100.net.https;223
par10s38-in-f3.1e100.net.https;827
par21s23-in-f3.1e100.net.https;251
par21s20-in-f2.1e100.net.https;10
par21s23-in-f2.1e100.net.https;8
lhr25s01-in-f2.1e100.net.https;10
par21s11-in-f14.1e100.net.https;22
par21s17-in-f1.1e100.net.https;180
par21s22-in-f14.1e100.net.https;2
mad01s26-in-f174.1e100.net.https;2
par10s40-in-f14.1e100.net.https;2
par21s12-in-f14.1e100.net.https;2
par21s18-in-f3.1e100.net.https;19
par10s40-in-f3.1e100.net.https;21
mauves.univ-st-etienne.fr.https;1687
par21s11-in-f10.1e100.net.https;28
par10s28-in-f14.1e100.net.https;2
par21s20-in-f14.1e100.net.https;46
www.aggloroanne.fr.https;2130
par21s17-in-f14.1e100.net.https;50
par21s23-in-f10.1e100.net.https;99
91.121.37;51
91.121.37.244.https;24
104.18.31;7
104.18.31.182.http;3
par21s20-in-f10.1e100.net.https;16
